[
  {
    "id": 1,
    "title": "Guinness World Records 2023"
  },
  {
    "id": 2,
    "title": "One: Simple One-Pan Wonders"
  },
  {
    "id": 3,
    "title": "The Bullet That Missed: (The Thursday Murder Club 3)"
  },
  {
    "id": 4,
    "title": "Interesting Facts For Curious Minds"
  },
  {
    "id": 5,
    "title": "It Start with Us"
  },
  {
    "id": 6,
    "title": "SPACEBOY"
  },
  {
    "id": 7,
    "title": "Lessons in Chemistry"
  },
  {
    "id": 8,
    "title": "2023 Guide to the Night Sky"
  },
  {
    "id": 9,
    "title": "No Plan B"
  },
  {
    "id": 10,
    "title": "BOSS Men's Prime Shirt"
  },
  {
    "id": 11,
    "title": "Apple 2022 10.9-inch iPad"
  },
  {
    "id": 12,
    "title": "DeLonghi Nescafé Dolce Coffee Machine"
  },
  {
    "id": 13,
    "title": "Apple iPhone 14 Pro - Deep Purple"
  }
]
